,0,1,accuracy,macro avg,weighted avg
precision,0.8049104180491041,0.6977611940298507,0.8018259935553169,0.7513358060394775,0.7824562680961973
recall,0.9889930697105584,0.09584828293182983,0.8018259935553169,0.5424206763211942,0.8018259935553169
f1-score,0.8875068593378452,0.16854438936457866,0.8018259935553169,0.5280256243512119,0.7368413621393658
support,7359.0,1951.0,0.8018259935553169,9310.0,9310.0
