,0,1,accuracy,macro avg,weighted avg
precision,0.8236052566327796,0.7030848329048843,0.8149716863864463,0.7633450447688319,0.797798871532718
recall,0.9729349736379613,0.23521823263814234,0.8149716863864463,0.6040766031380518,0.8149716863864463
f1-score,0.8920639183563851,0.35250523602384404,0.8149716863864463,0.6222845771901145,0.7765311421707285
support,17070.0,4651.0,0.8149716863864463,21721.0,21721.0
