,0,1,accuracy,macro avg,weighted avg
precision,0.8245170193192273,0.6921824104234527,0.8157894736842105,0.7583497148713401,0.7967850298503062
recall,0.9743171626579699,0.21783700666324962,0.8157894736842105,0.5960770846606097,0.8157894736842105
f1-score,0.893179694799128,0.3313840155945419,0.8157894736842105,0.612281855196835,0.7754500095007234
support,7359.0,1951.0,0.8157894736842105,9310.0,9310.0
