,0,1,accuracy,macro avg,weighted avg
precision,0.8039094454484923,0.7597122302158273,0.8024952810644077,0.7818108378321598,0.7944457353040641
recall,0.9902167545401289,0.11352397333906687,0.8024952810644077,0.5518703639395979,0.8024952810644077
f1-score,0.887389752204956,0.19753086419753088,0.8024952810644077,0.5424603082012435,0.7396740076203359
support,17070.0,4651.0,0.8024952810644077,21721.0,21721.0
