,0,1,accuracy,macro avg,weighted avg
precision,0.8314661471018022,1.0,0.8407071497629023,0.9157330735509011,0.867553387552496
recall,1.0,0.2560739625886906,0.8407071497629023,0.6280369812943453,0.8407071497629023
f1-score,0.9079787234042553,0.4077370763437179,0.8407071497629023,0.6578578998739866,0.8008646908791156
support,17070.0,4651.0,0.8407071497629023,21721.0,21721.0
