,0,1,accuracy,macro avg,weighted avg
precision,0.853448275862069,0.9545454545454546,0.8613319011815253,0.9039968652037618,0.8746341615346023
recall,0.9955156950672646,0.35520246027678115,0.8613319011815253,0.6753590776720229,0.8613319011815253
f1-score,0.9190240230822304,0.5177437429958909,0.8613319011815253,0.7183838830390606,0.8349318827547924
support,7359.0,1951.0,0.8613319011815253,9310.0,9310.0
