,0,1,accuracy,macro avg,weighted avg
precision,0.8307744411831113,1.0,0.8389903329752953,0.9153872205915556,0.8662372838524721
recall,1.0,0.23167606355715017,0.8389903329752953,0.6158380317785751,0.8389903329752953
f1-score,0.9075661343035086,0.3761964211402414,0.8389903329752953,0.641881277721875,0.7962125026835801
support,7359.0,1951.0,0.8389903329752953,9310.0,9310.0
