,0,1,accuracy,macro avg,weighted avg
precision,0.8521027802870621,0.9493036211699164,0.8601353528843055,0.9007032007284892,0.8729158695069946
recall,0.9946690099589924,0.3663728230488067,0.8601353528843055,0.6805209165038996,0.8601353528843055
f1-score,0.9178830143799329,0.5286999689730065,0.8601353528843055,0.7232914916764697,0.8345493582781137
support,17070.0,4651.0,0.8601353528843055,21721.0,21721.0
