,0,1,accuracy,macro avg,weighted avg
precision,0.7858754201003637,1.0,0.7858754201003637,0.8929377100501819,0.8317247558175593
recall,1.0,0.0,0.7858754201003637,0.5,0.7858754201003637
f1-score,0.8801010543682813,0.0,0.7858754201003637,0.44005052718414067,0.6916497858324461
support,17070.0,4651.0,0.7858754201003637,21721.0,21721.0
