,0,1,accuracy,macro avg,weighted avg
precision,0.7904403866809881,1.0,0.7904403866809881,0.8952201933404941,0.8343556182154019
recall,1.0,0.0,0.7904403866809881,0.5,0.7904403866809881
f1-score,0.8829563861059452,0.0,0.7904403866809881,0.4414781930529726,0.6979243872560312
support,7359.0,1951.0,0.7904403866809881,9310.0,9310.0
