,0,1,accuracy,macro avg,weighted avg
precision,0.9965404010789257,0.9839297193057639,0.9938308549330142,0.9902350601923449,0.9938401441419995
recall,0.9956063268892794,0.9873145560094603,0.9938308549330142,0.9914604414493698,0.9938308549330142
f1-score,0.996073145000586,0.9856192315947628,0.9938308549330142,0.9908461882976745,0.993834705184257
support,17070.0,4651.0,0.9938308549330142,21721.0,21721.0
