,0,1,accuracy,macro avg,weighted avg
precision,0.9957840337277302,0.9810935104752172,0.9926960257787325,0.9884387721014737,0.9927054933554796
recall,0.9949721429542058,0.9841107124551512,0.9926960257787325,0.9895414277046786,0.9926960257787325
f1-score,0.9953779227841218,0.9825997952917094,0.9926960257787325,0.9889888590379157,0.9927001433278708
support,7359.0,1951.0,0.9926960257787325,9310.0,9310.0
