,0,1,accuracy,macro avg,weighted avg
precision,0.9998641304347826,1.0,0.9998925886143931,0.9999320652173913,0.9998926032083315
recall,1.0,0.9994874423372629,0.9998925886143931,0.9997437211686315,0.9998925886143931
f1-score,0.9999320606019431,0.9997436554729556,0.9998925886143931,0.9998378580374494,0.999892578495965
support,7359.0,1951.0,0.9998925886143931,9310.0,9310.0
